# mass, length, torque limit, damping, coulomb friction, gravity, Q_11, Q_22, R, N, seed
6.760000000000000453e-01,4.500000000000000111e-01,1.492101000000000122e+00,1.000000000000000056e-01,0.000000000000000000e+00,9.810000000000000497e+00,1.000000000000000000e+00,1.000000000000000000e+00,1.000000000000000000e+00,1.000000000000000000e+05,1.379000000000000000e+03
