# mass, length, torque limit, damping, coulomb friction, gravity, Q_11, Q_22, R, N, seed
1.744133022449835924e+00,1.744133022449835813e-01,2.984202000000000243e+00,1.000000000000000056e-01,0.000000000000000000e+00,9.810000000000000497e+00,1.000000000000000000e+00,1.000000000000000000e+00,1.000000000000000000e+00,1.000000000000000000e+05,9.921000000000000000e+03
